OBJECTID,shape_leng,acreage,Shape__Area,Shape__Length,GlobalID
1,822417.87345,16760.3186946,730039237.950806,2086616.87374771,8b54b3e9-26e8-4e74-b7e4-005022f33cd9
